run_id,timestamp,mode,has_obstacle,trial_idx,seed,pick_x,pick_y,pick_z,place_x,place_y,place_z,trial_id,step_name,experiment_mode,success,fallback_used,ik_time_sec,rrt_planning_sec,shortcut_time_sec,initial_guess_time_sec,solve_time_sec,total_compute_sec,exec_wait_sec,num_rrt_points,num_shortcut_waypoints,num_optimized_points,trajectory_duration_sec,joint_path_length,mean_joint_velocity,max_joint_velocity,mean_joint_acceleration,max_joint_acceleration,mean_joint_jerk,max_joint_jerk,mean_torque,max_torque,mean_torque_rate,max_torque_rate,max_constraint_violation,final_cost,solver_status,message
run_20260504_132412_e65429,2026-05-04T13:24:13,rrt_only,yes,0,20260504,0.342909,0.270618,0.368700,-0.369332,0.371865,0.370358,1,pre_grasp,rrt_only,1,0,0.502729,0.030818,0.000000,0.000000,0.000000,1.183628,1.151907,12,0,12,1.092537,0.649952,0.190242,0.628319,0.609771,1.500000,2.032570,7.500000,0.000000,0.000000,0.000000,0.000000,0.000000,0.000000,rrt_only,
run_20260504_132412_e65429,2026-05-04T13:24:13,rrt_only,yes,0,20260504,0.342909,0.270618,0.368700,-0.369332,0.371865,0.370358,2,pre_place,rrt_only,1,0,0.500648,0.037149,0.000000,0.000000,0.000000,4.590843,4.553440,46,0,46,4.458527,3.278239,0.221114,0.840174,0.272015,1.500000,1.098295,7.733497,0.000000,0.000000,0.000000,0.000000,0.000000,0.000000,rrt_only,
run_20260504_132412_e65429,2026-05-04T13:24:13,rrt_only,yes,0,20260504,0.342909,0.270618,0.368700,-0.369332,0.371865,0.370358,3,return_home,rrt_only,1,0,0.000000,0.045504,0.000000,0.000000,0.000000,4.148804,4.103084,42,0,42,4.004114,3.525581,0.278337,0.942478,0.461019,1.500000,1.216499,9.973807,0.000000,0.000000,0.000000,0.000000,0.000000,0.000000,rrt_only,
run_20260504_132412_e65429,2026-05-04T13:24:31,rrt_only,yes,1,20260505,0.368511,0.399066,0.452362,-0.305642,0.486113,0.485995,4,pre_grasp,rrt_only,1,0,0.500413,0.029809,0.000000,0.000000,0.000000,1.083868,1.053903,12,0,12,1.011267,0.475048,0.110513,0.628319,0.446479,1.500000,1.339437,15.000000,0.000000,0.000000,0.000000,0.000000,0.000000,0.000000,rrt_only,
run_20260504_132412_e65429,2026-05-04T13:24:31,rrt_only,yes,1,20260505,0.368511,0.399066,0.452362,-0.305642,0.486113,0.485995,5,pre_place,rrt_only,0,0,0.500890,0.034030,0.000000,0.000000,0.000000,0.034068,0.000000,0,0,0,0.000000,0.000000,0.000000,0.000000,0.000000,0.000000,0.000000,0.000000,0.000000,0.000000,0.000000,0.000000,0.000000,0.000000,,planning failed (RRTConnect)
run_20260504_132412_e65429,2026-05-04T13:24:38,rrt_only,yes,2,20260506,0.332255,0.382163,0.495316,-0.311952,0.399402,0.391336,6,pre_grasp,rrt_only,1,0,0.501069,0.032824,0.000000,0.000000,0.000000,0.536461,0.503521,6,0,6,0.490584,0.112121,0.058407,0.300000,0.502501,1.500000,3.768754,15.000000,0.000000,0.000000,0.000000,0.000000,0.000000,0.000000,rrt_only,
run_20260504_132412_e65429,2026-05-04T13:24:38,rrt_only,yes,2,20260506,0.332255,0.382163,0.495316,-0.311952,0.399402,0.391336,7,pre_place,rrt_only,1,0,0.501096,0.037068,0.000000,0.000000,0.000000,5.839836,5.802387,59,0,59,5.711149,3.762935,0.187532,0.628319,0.188211,1.500000,0.773250,9.817981,0.000000,0.000000,0.000000,0.000000,0.000000,0.000000,rrt_only,
run_20260504_132412_e65429,2026-05-04T13:24:38,rrt_only,yes,2,20260506,0.332255,0.382163,0.495316,-0.311952,0.399402,0.391336,8,return_home,rrt_only,1,0,0.000000,0.041517,0.000000,0.000000,0.000000,3.344009,3.302298,34,0,34,3.226345,2.763227,0.292993,0.942478,0.596358,1.500000,1.730969,15.000000,0.000000,0.000000,0.000000,0.000000,0.000000,0.000000,rrt_only,
run_20260504_132412_e65429,2026-05-04T13:24:58,rrt_only,yes,3,20260507,0.305432,0.363212,0.485976,-0.494788,0.322463,0.300389,9,pre_grasp,rrt_only,1,0,0.501399,0.028609,0.000000,0.000000,0.000000,0.932461,0.903742,10,0,10,0.865073,0.374210,0.115897,0.600000,0.560702,1.500000,1.946881,15.000000,0.000000,0.000000,0.000000,0.000000,0.000000,0.000000,rrt_only,
run_20260504_132412_e65429,2026-05-04T13:24:58,rrt_only,yes,3,20260507,0.305432,0.363212,0.485976,-0.494788,0.322463,0.300389,10,pre_place,rrt_only,1,0,0.501003,0.038181,0.000000,0.000000,0.000000,5.641797,5.603336,57,0,57,5.513776,5.201696,0.323572,0.942478,0.324725,1.500094,1.172879,8.886876,0.000000,0.000000,0.000000,0.000000,0.000000,0.000000,rrt_only,
run_20260504_132412_e65429,2026-05-04T13:24:58,rrt_only,yes,3,20260507,0.305432,0.363212,0.485976,-0.494788,0.322463,0.300389,11,return_home,rrt_only,0,0,0.000000,0.040226,0.000000,0.000000,0.000000,0.040247,0.000000,0,0,0,0.000000,0.000000,0.000000,0.000000,0.000000,0.000000,0.000000,0.000000,0.000000,0.000000,0.000000,0.000000,0.000000,0.000000,,planning failed (RRTConnect)
run_20260504_132412_e65429,2026-05-04T13:25:13,rrt_only,yes,4,20260508,0.310132,0.204935,0.352965,-0.338245,0.321848,0.405989,12,pre_grasp,rrt_only,1,0,0.500347,0.041308,0.000000,0.000000,0.000000,4.944297,4.902665,50,0,50,4.817727,4.086739,0.264045,0.942478,0.305240,1.500000,0.917650,8.089686,0.000000,0.000000,0.000000,0.000000,0.000000,0.000000,rrt_only,
run_20260504_132412_e65429,2026-05-04T13:25:13,rrt_only,yes,4,20260508,0.310132,0.204935,0.352965,-0.338245,0.321848,0.405989,13,pre_place,rrt_only,0,0,0.500706,0.040325,0.000000,0.000000,0.000000,0.041407,0.000000,0,0,0,0.000000,0.000000,0.000000,0.000000,0.000000,0.000000,0.000000,0.000000,0.000000,0.000000,0.000000,0.000000,0.000000,0.000000,,planning failed (RRTConnect)
run_20260504_132412_e65429,2026-05-04T13:25:24,rrt_only,yes,5,20260509,0.449617,0.462314,0.490807,-0.408850,0.378504,0.437312,14,pre_grasp,rrt_only,1,0,0.501105,0.031899,0.000000,0.000000,0.000000,1.385084,1.353012,15,0,15,1.300048,0.780412,0.134438,0.828986,0.392940,1.500000,0.944567,7.500000,0.000000,0.000000,0.000000,0.000000,0.000000,0.000000,rrt_only,
run_20260504_132412_e65429,2026-05-04T13:25:24,rrt_only,yes,5,20260509,0.449617,0.462314,0.490807,-0.408850,0.378504,0.437312,15,pre_place,rrt_only,0,0,0.500805,0.032925,0.000000,0.000000,0.000000,0.032946,0.000000,0,0,0,0.000000,0.000000,0.000000,0.000000,0.000000,0.000000,0.000000,0.000000,0.000000,0.000000,0.000000,0.000000,0.000000,0.000000,,planning failed (RRTConnect)
run_20260504_132412_e65429,2026-05-04T13:25:33,rrt_only,yes,6,20260510,0.350920,0.315024,0.485756,-0.307809,0.496190,0.368995,16,pre_grasp,rrt_only,1,0,0.502180,0.031824,0.000000,0.000000,0.000000,1.085104,1.053151,12,0,12,1.004297,0.505143,0.104568,0.705508,0.419643,1.500000,1.258928,15.000000,0.000000,0.000000,0.000000,0.000000,0.000000,0.000000,rrt_only,
run_20260504_132412_e65429,2026-05-04T13:25:33,rrt_only,yes,6,20260510,0.350920,0.315024,0.485756,-0.307809,0.496190,0.368995,17,pre_place,rrt_only,1,0,0.500810,0.037074,0.000000,0.000000,0.000000,2.589591,2.552302,27,0,27,2.517275,1.946626,0.265353,0.628319,0.582139,1.500000,2.433316,12.678908,0.000000,0.000000,0.000000,0.000000,0.000000,0.000000,rrt_only,
run_20260504_132412_e65429,2026-05-04T13:25:33,rrt_only,yes,6,20260510,0.350920,0.315024,0.485756,-0.307809,0.496190,0.368995,18,return_home,rrt_only,0,0,0.000000,0.048896,0.000000,0.000000,0.000000,0.048931,0.000000,0,0,0,0.000000,0.000000,0.000000,0.000000,0.000000,0.000000,0.000000,0.000000,0.000000,0.000000,0.000000,0.000000,0.000000,0.000000,,planning failed (RRTConnect)
run_20260504_132412_e65429,2026-05-04T13:25:47,rrt_only,yes,7,20260511,0.408352,0.242703,0.399211,-0.354393,0.382760,0.415668,19,pre_grasp,rrt_only,1,0,0.501726,0.045588,0.000000,0.000000,0.000000,3.999235,3.952539,40,0,40,3.872812,3.610845,0.317740,0.942478,0.496262,1.500000,1.449489,11.491305,0.000000,0.000000,0.000000,0.000000,0.000000,0.000000,rrt_only,
run_20260504_132412_e65429,2026-05-04T13:25:47,rrt_only,yes,7,20260511,0.408352,0.242703,0.399211,-0.354393,0.382760,0.415668,20,pre_place,rrt_only,1,0,0.500910,0.037149,0.000000,0.000000,0.000000,4.940432,4.902944,50,0,50,4.818874,3.164458,0.184830,0.942478,0.233890,1.500000,0.856873,15.000000,0.000000,0.000000,0.000000,0.000000,0.000000,0.000000,rrt_only,
run_20260504_132412_e65429,2026-05-04T13:25:47,rrt_only,yes,7,20260511,0.408352,0.242703,0.399211,-0.354393,0.382760,0.415668,21,return_home,rrt_only,1,0,0.000000,0.039181,0.000000,0.000000,0.000000,2.993060,2.953041,30,0,30,2.894344,1.976533,0.212771,0.833370,0.397911,1.500000,1.483953,15.000000,0.000000,0.000000,0.000000,0.000000,0.000000,0.000000,rrt_only,
run_20260504_132412_e65429,2026-05-04T13:26:08,rrt_only,yes,8,20260512,0.429272,0.294792,0.423919,-0.355590,0.365294,0.438156,22,pre_grasp,rrt_only,1,0,0.501585,0.043529,0.000000,0.000000,0.000000,1.396570,1.352896,15,0,15,1.300130,0.708711,0.135316,0.628319,0.368089,1.500000,1.061795,7.500000,0.000000,0.000000,0.000000,0.000000,0.000000,0.000000,rrt_only,
run_20260504_132412_e65429,2026-05-04T13:26:08,rrt_only,yes,8,20260512,0.429272,0.294792,0.423919,-0.355590,0.365294,0.438156,23,pre_place,rrt_only,1,0,0.500441,0.039171,0.000000,0.000000,0.000000,3.192252,3.152874,32,0,32,3.097119,2.313266,0.231440,0.856318,0.344555,1.500000,1.349370,10.380478,0.000000,0.000000,0.000000,0.000000,0.000000,0.000000,rrt_only,
run_20260504_132412_e65429,2026-05-04T13:26:08,rrt_only,yes,8,20260512,0.429272,0.294792,0.423919,-0.355590,0.365294,0.438156,24,return_home,rrt_only,1,0,0.000000,0.032940,0.000000,0.000000,0.000000,2.835571,2.802449,29,0,29,2.758160,2.018400,0.226195,0.942478,0.427963,1.500000,1.650014,11.166272,0.000000,0.000000,0.000000,0.000000,0.000000,0.000000,rrt_only,
run_20260504_132412_e65429,2026-05-04T13:26:24,rrt_only,yes,9,20260513,0.329403,0.466075,0.393389,-0.323230,0.465786,0.337547,25,pre_grasp,rrt_only,1,0,0.500403,0.040425,0.000000,0.000000,0.000000,0.943547,0.902948,10,0,10,0.857002,0.395931,0.133787,0.600000,0.658685,1.500000,2.287102,15.000000,0.000000,0.000000,0.000000,0.000000,0.000000,0.000000,rrt_only,
run_20260504_132412_e65429,2026-05-04T13:26:24,rrt_only,yes,9,20260513,0.329403,0.466075,0.393389,-0.323230,0.465786,0.337547,26,pre_place,rrt_only,1,0,0.501008,0.043445,0.000000,0.000000,0.000000,4.345984,4.302243,44,0,44,4.209693,2.794308,0.191263,0.726801,0.274469,1.500000,1.151074,11.385039,0.000000,0.000000,0.000000,0.000000,0.000000,0.000000,rrt_only,
run_20260504_132412_e65429,2026-05-04T13:26:24,rrt_only,yes,9,20260513,0.329403,0.466075,0.393389,-0.323230,0.465786,0.337547,27,return_home,rrt_only,1,0,0.000000,0.038283,0.000000,0.000000,0.000000,2.890789,2.852270,30,0,30,2.813010,2.064431,0.229180,0.942478,0.548133,1.500000,1.554441,7.500000,0.000000,0.000000,0.000000,0.000000,0.000000,0.000000,rrt_only,
run_20260504_132412_e65429,2026-05-04T13:26:41,rrt_only,yes,10,20260514,0.330575,0.254168,0.305279,-0.456293,0.459782,0.411467,28,pre_grasp,rrt_only,1,0,0.501633,0.032877,0.000000,0.000000,0.000000,1.185441,1.152443,13,0,13,1.122762,0.736624,0.201243,0.690310,0.663245,1.500000,1.959588,7.500000,0.000000,0.000000,0.000000,0.000000,0.000000,0.000000,rrt_only,
run_20260504_132412_e65429,2026-05-04T13:26:41,rrt_only,yes,10,20260514,0.330575,0.254168,0.305279,-0.456293,0.459782,0.411467,29,pre_place,rrt_only,0,0,0.501995,0.034917,0.000000,0.000000,0.000000,0.035127,0.000000,0,0,0,0.000000,0.000000,0.000000,0.000000,0.000000,0.000000,0.000000,0.000000,0.000000,0.000000,0.000000,0.000000,0.000000,0.000000,,planning failed (RRTConnect)
run_20260504_132412_e65429,2026-05-04T13:26:48,rrt_only,yes,11,20260515,0.401857,0.341761,0.470450,-0.425572,0.452677,0.472879,30,pre_grasp,rrt_only,1,0,0.500703,0.031842,0.000000,0.000000,0.000000,1.085244,1.053213,12,0,12,1.025974,0.422634,0.091351,0.750000,0.382095,1.500000,1.042077,15.000000,0.000000,0.000000,0.000000,0.000000,0.000000,0.000000,rrt_only,
run_20260504_132412_e65429,2026-05-04T13:26:48,rrt_only,yes,11,20260515,0.401857,0.341761,0.470450,-0.425572,0.452677,0.472879,31,pre_place,rrt_only,0,0,0.500766,0.035982,0.000000,0.000000,0.000000,0.036009,0.000000,0,0,0,0.000000,0.000000,0.000000,0.000000,0.000000,0.000000,0.000000,0.000000,0.000000,0.000000,0.000000,0.000000,0.000000,0.000000,,planning failed (RRTConnect)
run_20260504_132412_e65429,2026-05-04T13:26:56,rrt_only,yes,12,20260516,0.379870,0.415682,0.487436,-0.414165,0.489620,0.497457,32,pre_grasp,rrt_only,1,0,0.502009,0.030902,0.000000,0.000000,0.000000,0.584371,0.553332,7,0,7,0.510784,0.153957,0.078250,0.316175,0.742470,1.500000,4.331074,15.000000,0.000000,0.000000,0.000000,0.000000,0.000000,0.000000,rrt_only,
run_20260504_132412_e65429,2026-05-04T13:26:56,rrt_only,yes,12,20260516,0.379870,0.415682,0.487436,-0.414165,0.489620,0.497457,33,pre_place,rrt_only,1,0,0.502518,0.034045,0.000000,0.000000,0.000000,2.586933,2.552670,27,0,27,2.516624,1.682237,0.173591,0.628319,0.197595,1.500000,0.533508,7.500000,0.000000,0.000000,0.000000,0.000000,0.000000,0.000000,rrt_only,
run_20260504_132412_e65429,2026-05-04T13:26:56,rrt_only,yes,12,20260516,0.379870,0.415682,0.487436,-0.414165,0.489620,0.497457,34,return_home,rrt_only,1,0,0.000000,0.035208,0.000000,0.000000,0.000000,2.039036,2.003310,21,0,21,1.972603,1.525372,0.238368,0.628319,0.330146,1.500000,1.013605,7.500000,0.000000,0.000000,0.000000,0.000000,0.000000,0.000000,rrt_only,
run_20260504_132412_e65429,2026-05-04T13:27:12,rrt_only,yes,13,20260517,0.338725,0.335144,0.335654,-0.429773,0.480911,0.313622,35,pre_grasp,rrt_only,1,0,0.503008,0.027711,0.000000,0.000000,0.000000,1.080429,1.052564,12,0,12,1.007097,0.581346,0.166001,0.628319,0.676351,1.500000,2.029054,15.000000,0.000000,0.000000,0.000000,0.000000,0.000000,0.000000,rrt_only,
run_20260504_132412_e65429,2026-05-04T13:27:12,rrt_only,yes,13,20260517,0.338725,0.335144,0.335654,-0.429773,0.480911,0.313622,36,pre_place,rrt_only,1,0,0.500608,0.040367,0.000000,0.000000,0.000000,4.492838,4.452192,45,0,45,4.389844,3.800384,0.249130,0.942478,0.309668,1.500000,0.877102,7.500000,0.000000,0.000000,0.000000,0.000000,0.000000,0.000000,rrt_only,
run_20260504_132412_e65429,2026-05-04T13:27:12,rrt_only,yes,13,20260517,0.338725,0.335144,0.335654,-0.429773,0.480911,0.313622,37,return_home,rrt_only,1,0,0.000000,0.038075,0.000000,0.000000,0.000000,3.390903,3.352630,34,0,34,3.270862,2.222153,0.201924,0.942478,0.362404,1.500000,1.284586,8.782575,0.000000,0.000000,0.000000,0.000000,0.000000,0.000000,rrt_only,
run_20260504_132412_e65429,2026-05-04T13:27:30,rrt_only,yes,14,20260518,0.495846,0.281135,0.460915,-0.469582,0.499452,0.421164,38,pre_grasp,rrt_only,1,0,0.500702,0.031910,0.000000,0.000000,0.000000,1.534974,1.502883,16,0,16,1.477493,0.845716,0.147422,0.628319,0.299960,1.500000,0.952254,7.500000,0.000000,0.000000,0.000000,0.000000,0.000000,0.000000,rrt_only,
run_20260504_132412_e65429,2026-05-04T13:27:30,rrt_only,yes,14,20260518,0.495846,0.281135,0.460915,-0.469582,0.499452,0.421164,39,pre_place,rrt_only,1,0,0.500344,0.031897,0.000000,0.000000,0.000000,3.135162,3.103024,32,0,32,3.065856,2.127629,0.187594,0.628319,0.152395,1.500000,0.451541,7.500000,0.000000,0.000000,0.000000,0.000000,0.000000,0.000000,rrt_only,
run_20260504_132412_e65429,2026-05-04T13:27:30,rrt_only,yes,14,20260518,0.495846,0.281135,0.460915,-0.469582,0.499452,0.421164,40,return_home,rrt_only,1,0,0.000000,0.041281,0.000000,0.000000,0.000000,4.744304,4.702774,48,0,48,4.605242,3.550098,0.255367,0.942478,0.620527,1.500000,1.963947,15.000000,0.000000,0.000000,0.000000,0.000000,0.000000,0.000000,rrt_only,
run_20260504_132412_e65429,2026-05-04T13:27:48,rrt_only,yes,15,20260519,0.488065,0.302209,0.433930,-0.382025,0.448058,0.475272,41,pre_grasp,rrt_only,1,0,0.501316,0.038142,0.000000,0.000000,0.000000,1.491613,1.453333,16,0,16,1.430166,0.811902,0.144344,0.628319,0.306829,1.500000,0.974059,7.500000,0.000000,0.000000,0.000000,0.000000,0.000000,0.000000,rrt_only,
run_20260504_132412_e65429,2026-05-04T13:27:48,rrt_only,yes,15,20260519,0.488065,0.302209,0.433930,-0.382025,0.448058,0.475272,42,pre_place,rrt_only,1,0,0.500514,0.038142,0.000000,0.000000,0.000000,3.240930,3.202524,33,0,33,3.137950,2.210012,0.193538,0.628319,0.322504,1.500000,1.650085,15.000000,0.000000,0.000000,0.000000,0.000000,0.000000,0.000000,rrt_only,
run_20260504_132412_e65429,2026-05-04T13:27:48,rrt_only,yes,15,20260519,0.488065,0.302209,0.433930,-0.382025,0.448058,0.475272,43,return_home,rrt_only,1,0,0.000000,0.046678,0.000000,0.000000,0.000000,4.750890,4.703698,48,0,48,4.601015,2.740520,0.166349,0.628319,0.206361,1.500000,0.858636,10.453077,0.000000,0.000000,0.000000,0.000000,0.000000,0.000000,rrt_only,
run_20260504_132412_e65429,2026-05-04T13:28:06,rrt_only,yes,16,20260520,0.374230,0.209004,0.400813,-0.471119,0.430420,0.301210,44,pre_grasp,rrt_only,1,0,0.501329,0.046673,0.000000,0.000000,0.000000,1.349692,1.302830,14,0,14,1.275278,0.767532,0.185467,0.628319,0.466698,1.500000,1.512446,7.500000,0.000000,0.000000,0.000000,0.000000,0.000000,0.000000,rrt_only,
run_20260504_132412_e65429,2026-05-04T13:28:06,rrt_only,yes,16,20260520,0.374230,0.209004,0.400813,-0.471119,0.430420,0.301210,45,pre_place,rrt_only,1,0,0.500406,0.039470,0.000000,0.000000,0.000000,4.543957,4.503331,46,0,46,4.430505,4.216000,0.292599,0.942478,0.374416,1.500000,1.148944,11.205175,0.000000,0.000000,0.000000,0.000000,0.000000,0.000000,rrt_only,
run_20260504_132412_e65429,2026-05-04T13:28:06,rrt_only,yes,16,20260520,0.374230,0.209004,0.400813,-0.471119,0.430420,0.301210,46,return_home,rrt_only,1,0,0.000000,0.038252,0.000000,0.000000,0.000000,3.292625,3.254124,33,0,33,3.184788,2.449722,0.246646,0.942478,0.437827,1.500000,1.670727,15.000000,0.000000,0.000000,0.000000,0.000000,0.000000,0.000000,rrt_only,
run_20260504_132412_e65429,2026-05-04T13:28:24,rrt_only,yes,17,20260521,0.312806,0.335864,0.388593,-0.316085,0.409936,0.401578,47,pre_grasp,rrt_only,1,0,0.500997,0.038079,0.000000,0.000000,0.000000,0.990522,0.952287,11,0,11,0.922886,0.488123,0.156921,0.628319,0.669195,1.500000,2.271958,15.000000,0.000000,0.000000,0.000000,0.000000,0.000000,0.000000,rrt_only,
run_20260504_132412_e65429,2026-05-04T13:28:24,rrt_only,yes,17,20260521,0.312806,0.335864,0.388593,-0.316085,0.409936,0.401578,48,pre_place,rrt_only,1,0,0.500320,0.047613,0.000000,0.000000,0.000000,6.002358,5.953739,60,0,60,5.843263,5.162067,0.260722,0.942478,0.246112,1.500000,0.654475,11.670028,0.000000,0.000000,0.000000,0.000000,0.000000,0.000000,rrt_only,
run_20260504_132412_e65429,2026-05-04T13:28:24,rrt_only,yes,17,20260521,0.312806,0.335864,0.388593,-0.316085,0.409936,0.401578,49,return_home,rrt_only,1,0,0.000000,0.042289,0.000000,0.000000,0.000000,2.896091,2.853604,29,0,29,2.781129,1.799053,0.191891,0.628319,0.374775,1.500000,2.153229,15.000000,0.000000,0.000000,0.000000,0.000000,0.000000,0.000000,rrt_only,
run_20260504_132412_e65429,2026-05-04T13:28:43,rrt_only,yes,18,20260522,0.338980,0.494993,0.384748,-0.366776,0.411835,0.450461,50,pre_grasp,rrt_only,1,0,0.501894,0.033000,0.000000,0.000000,0.000000,0.935562,0.902384,10,0,10,0.859912,0.427156,0.146891,0.600000,0.718627,1.500000,2.495234,15.000000,0.000000,0.000000,0.000000,0.000000,0.000000,0.000000,rrt_only,
run_20260504_132412_e65429,2026-05-04T13:28:43,rrt_only,yes,18,20260522,0.338980,0.494993,0.384748,-0.366776,0.411835,0.450461,51,pre_place,rrt_only,0,0,0.500390,0.039111,0.000000,0.000000,0.000000,0.040205,0.000000,0,0,0,0.000000,0.000000,0.000000,0.000000,0.000000,0.000000,0.000000,0.000000,0.000000,0.000000,0.000000,0.000000,0.000000,0.000000,,planning failed (RRTConnect)
run_20260504_132412_e65429,2026-05-04T13:28:49,rrt_only,yes,19,20260523,0.412493,0.283655,0.379119,-0.322063,0.388333,0.313398,52,pre_grasp,rrt_only,1,0,0.501455,0.033963,0.000000,0.000000,0.000000,0.936809,0.902570,10,0,10,0.869489,0.480277,0.166424,0.600000,0.797577,1.500000,2.769366,15.000000,0.000000,0.000000,0.000000,0.000000,0.000000,0.000000,rrt_only,
run_20260504_132412_e65429,2026-05-04T13:28:49,rrt_only,yes,19,20260523,0.412493,0.283655,0.379119,-0.322063,0.388333,0.313398,53,pre_place,rrt_only,1,0,0.500432,0.043352,0.000000,0.000000,0.000000,3.196179,3.152591,32,0,32,3.097598,2.468699,0.244973,0.905094,0.426999,1.500002,1.584665,10.895650,0.000000,0.000000,0.000000,0.000000,0.000000,0.000000,rrt_only,
run_20260504_132412_e65429,2026-05-04T13:28:49,rrt_only,yes,19,20260523,0.412493,0.283655,0.379119,-0.322063,0.388333,0.313398,54,return_home,rrt_only,1,0,0.000000,0.045590,0.000000,0.000000,0.000000,3.998778,3.952921,40,0,40,3.883841,3.640692,0.341843,0.942478,0.490508,1.500000,1.701879,10.916030,0.000000,0.000000,0.000000,0.000000,0.000000,0.000000,rrt_only,
