trial_id,step_name,experiment_mode,success,fallback_used,ik_time_sec,rrt_planning_sec,shortcut_time_sec,initial_guess_time_sec,solve_time_sec,total_compute_sec,exec_wait_sec,num_rrt_points,num_shortcut_waypoints,num_optimized_points,trajectory_duration_sec,joint_path_length,mean_joint_velocity,max_joint_velocity,mean_joint_acceleration,max_joint_acceleration,mean_joint_jerk,max_joint_jerk,mean_torque,max_torque,mean_torque_rate,max_torque_rate,max_constraint_violation,final_cost,solver_status,message
1,pre_grasp,rrt_only,1,0,0.500294,0.032969,0.000000,0.000000,0.000000,4.387457,3.852714,40,0,40,3.804438,3.398887,0.233178,0.942478,0.163724,1.500000,0.307752,7.500000,0.000000,0.000000,0.000000,0.000000,0.000000,0.000000,rrt_only,
1,pre_grasp,rrt_only,1,0,0.500903,0.032949,0.000000,0.000000,0.000000,4.438756,3.902788,40,0,40,3.804488,3.398898,0.233176,0.942478,0.163719,1.500000,0.307743,7.500000,0.000000,0.000000,0.000000,0.000000,0.000000,0.000000,rrt_only,
2,pre_grasp,rrt_only,0,0,0.501383,0.033933,0.000000,0.000000,0.000000,0.535436,0.000000,0,0,0,0.000000,0.000000,0.000000,0.000000,0.000000,0.000000,0.000000,0.000000,0.000000,0.000000,0.000000,0.000000,0.000000,0.000000,,RRT planning failed
3,pre_grasp,rrt_only,1,0,0.501187,0.032140,0.000000,0.000000,0.000000,4.735762,4.202157,43,0,43,4.125429,3.328115,0.212943,0.628319,0.123448,1.500000,0.359637,7.500000,0.000000,0.000000,0.000000,0.000000,0.000000,0.000000,rrt_only,
4,pre_grasp,rrt_only,0,0,0.500339,0.033051,0.000000,0.000000,0.000000,0.533474,0.000000,0,0,0,0.000000,0.000000,0.000000,0.000000,0.000000,0.000000,0.000000,0.000000,0.000000,0.000000,0.000000,0.000000,0.000000,0.000000,,RRT planning failed
5,pre_grasp,rrt_only,1,0,0.501035,0.031824,0.000000,0.000000,0.000000,2.835681,2.302529,24,0,24,2.267791,1.798814,0.240496,0.628319,0.279811,1.500000,0.847911,7.500000,0.000000,0.000000,0.000000,0.000000,0.000000,0.000000,rrt_only,
6,pre_grasp,rrt_only,1,0,0.500577,0.029729,0.000000,0.000000,0.000000,1.782630,1.252087,14,0,14,1.207755,0.761997,0.173444,0.628319,0.526319,1.500000,1.535096,7.500000,0.000000,0.000000,0.000000,0.000000,0.000000,0.000000,rrt_only,
7,pre_grasp,rrt_only,1,0,0.500146,0.028762,0.000000,0.000000,0.000000,1.481065,0.951920,11,0,11,0.918591,0.527600,0.165873,0.627887,0.792516,1.500000,2.421612,15.000000,0.000000,0.000000,0.000000,0.000000,0.000000,0.000000,rrt_only,
8,pre_grasp,rrt_only,1,0,0.500708,0.031767,0.000000,0.000000,0.000000,1.335250,0.802590,9,0,9,0.758491,0.399104,0.154625,0.537737,0.862645,1.500000,3.465983,15.000000,0.000000,0.000000,0.000000,0.000000,0.000000,0.000000,rrt_only,
9,pre_grasp,rrt_only,1,0,0.501973,0.031859,0.000000,0.000000,0.000000,4.486004,3.951833,41,0,41,3.907265,3.106063,0.195556,0.628319,0.133918,1.500000,0.351964,7.500000,0.000000,0.000000,0.000000,0.000000,0.000000,0.000000,rrt_only,
10,pre_grasp,rrt_only,1,0,0.502359,0.033920,0.000000,0.000000,0.000000,3.539481,3.002945,31,0,31,2.965005,2.737455,0.256457,0.942478,0.227240,1.500000,0.467138,7.500000,0.000000,0.000000,0.000000,0.000000,0.000000,0.000000,rrt_only,
11,pre_grasp,rrt_only,1,0,0.501889,0.041355,0.000000,0.000000,0.000000,3.546658,3.002986,31,0,31,2.943427,2.717134,0.254663,0.942478,0.227660,1.500000,0.468001,7.500000,0.000000,0.000000,0.000000,0.000000,0.000000,0.000000,rrt_only,
12,pre_grasp,rrt_only,0,0,0.501038,0.032895,0.000000,0.000000,0.000000,0.534048,0.000000,0,0,0,0.000000,0.000000,0.000000,0.000000,0.000000,0.000000,0.000000,0.000000,0.000000,0.000000,0.000000,0.000000,0.000000,0.000000,,RRT planning failed
13,pre_grasp,rrt_only,1,0,0.500430,0.033964,0.000000,0.000000,0.000000,3.536765,3.002074,31,0,31,2.965068,2.737469,0.256453,0.942478,0.227231,1.500000,0.467119,7.500000,0.000000,0.000000,0.000000,0.000000,0.000000,0.000000,rrt_only,
14,pre_grasp,rrt_only,1,0,0.500434,0.030750,0.000000,0.000000,0.000000,1.033347,0.501979,6,0,6,0.467317,0.111782,0.047391,0.300000,0.443207,1.500000,3.324053,15.000000,0.000000,0.000000,0.000000,0.000000,0.000000,0.000000,rrt_only,
15,pre_grasp,rrt_only,1,0,0.500844,0.039388,0.000000,0.000000,0.000000,3.543353,3.002067,31,0,31,2.954560,2.746278,0.255793,0.942478,0.227624,1.500000,0.467927,7.500000,0.000000,0.000000,0.000000,0.000000,0.000000,0.000000,rrt_only,
16,pre_grasp,rrt_only,1,0,0.500619,0.040284,0.000000,0.000000,0.000000,3.543978,3.002807,31,0,31,2.964983,2.737412,0.256455,0.942478,0.227240,1.500000,0.467138,7.500000,0.000000,0.000000,0.000000,0.000000,0.000000,0.000000,rrt_only,
1,pre_grasp,rrt_only,1,0,0.500243,0.040247,0.000000,0.000000,0.000000,3.943129,3.902636,40,0,40,3.823323,3.420332,0.234985,0.942478,0.163906,1.500000,0.308093,7.500000,0.000000,0.000000,0.000000,0.000000,0.000000,0.000000,rrt_only,
2,grasp_approach,rrt_only,1,0,0.502449,0.039194,0.000000,0.000000,0.000000,1.041864,1.002201,11,0,11,0.963632,0.430728,0.111018,0.695449,0.478906,1.500000,1.463324,15.000000,0.000000,0.000000,0.000000,0.000000,0.000000,0.000000,rrt_only,
3,pre_grasp,rrt_only,1,0,0.501078,0.058318,0.000000,0.000000,0.000000,3.061118,3.002608,31,0,31,2.973486,2.745290,0.257243,0.942478,0.227149,1.500000,0.466950,7.500000,0.000000,0.000000,0.000000,0.000000,0.000000,0.000000,rrt_only,
4,grasp_approach,rrt_only,1,0,0.501433,0.044624,0.000000,0.000000,0.000000,0.847525,0.802753,9,0,9,0.741647,0.279538,0.076404,0.512470,0.447271,1.500000,1.797070,15.000000,0.000000,0.000000,0.000000,0.000000,0.000000,0.000000,rrt_only,
1,pre_grasp,rrt_only,1,0,0.500980,0.052862,0.000000,0.000000,0.000000,0.855731,0.802435,9,0,9,0.741144,0.279566,0.076363,0.511716,0.447687,1.500000,1.798742,15.000000,0.000000,0.000000,0.000000,0.000000,0.000000,0.000000,rrt_only,
2,grasp_approach,rrt_only,0,0,0.501159,0.033908,0.000000,0.000000,0.000000,0.033937,0.000000,0,0,0,0.000000,0.000000,0.000000,0.000000,0.000000,0.000000,0.000000,0.000000,0.000000,0.000000,0.000000,0.000000,0.000000,0.000000,,planning failed (RRTConnect)
3,pre_grasp,rrt_only,1,0,0.502291,0.051983,0.000000,0.000000,0.000000,4.855159,4.802828,49,0,49,4.720042,3.004181,0.168669,0.628319,0.196325,1.500000,0.821589,15.000000,0.000000,0.000000,0.000000,0.000000,0.000000,0.000000,rrt_only,
4,grasp_approach,rrt_only,0,0,0.502451,0.044505,0.000000,0.000000,0.000000,0.044546,0.000000,0,0,0,0.000000,0.000000,0.000000,0.000000,0.000000,0.000000,0.000000,0.000000,0.000000,0.000000,0.000000,0.000000,0.000000,0.000000,,planning failed (RRTConnect)
5,pre_grasp,rrt_only,1,0,0.500320,0.038451,0.000000,0.000000,0.000000,1.041989,1.003324,11,0,11,0.955495,0.340972,0.063494,0.628319,0.255010,1.500000,0.865776,15.000000,0.000000,0.000000,0.000000,0.000000,0.000000,0.000000,rrt_only,
6,grasp_approach,rrt_only,0,0,0.500369,0.064734,0.000000,0.000000,0.000000,0.064777,0.000000,0,0,0,0.000000,0.000000,0.000000,0.000000,0.000000,0.000000,0.000000,0.000000,0.000000,0.000000,0.000000,0.000000,0.000000,0.000000,,planning failed (RRTConnect)
7,pre_grasp,rrt_only,1,0,0.502690,0.035110,0.000000,0.000000,0.000000,3.987526,3.952110,40,0,40,3.830447,3.408309,0.228505,0.942478,0.147650,1.500000,0.298886,7.500000,0.000000,0.000000,0.000000,0.000000,0.000000,0.000000,rrt_only,
8,grasp_approach,rrt_only,1,0,0.500379,0.030828,0.000000,0.000000,0.000000,1.033529,1.002559,11,0,11,0.963414,0.430527,0.110896,0.695121,0.478603,1.500000,1.462399,15.000000,0.000000,0.000000,0.000000,0.000000,0.000000,0.000000,rrt_only,
9,pre_grasp,rrt_only,1,0,0.503421,0.064419,0.000000,0.000000,0.000000,3.067023,3.002419,31,0,31,2.973355,2.745259,0.257251,0.942478,0.227168,1.500000,0.466990,7.500000,0.000000,0.000000,0.000000,0.000000,0.000000,0.000000,rrt_only,
10,grasp_approach,rrt_only,1,0,0.502252,0.035042,0.000000,0.000000,0.000000,0.787436,0.752284,9,0,9,0.741865,0.279675,0.076433,0.512798,0.447154,1.500000,1.796601,15.000000,0.000000,0.000000,0.000000,0.000000,0.000000,0.000000,rrt_only,
1,pre_grasp,rrt_only,1,0,0.501696,0.037081,0.000000,0.000000,0.000000,3.939868,3.902545,40,0,40,3.823298,3.420279,0.234974,0.942478,0.163899,1.500000,0.308081,7.500000,0.000000,0.000000,0.000000,0.000000,0.000000,0.000000,rrt_only,
2,grasp_approach,rrt_only,1,0,0.502048,0.036028,0.000000,0.000000,0.000000,1.038597,1.002419,11,0,11,0.963462,0.430654,0.110978,0.695193,0.478910,1.500000,1.463336,15.000000,0.000000,0.000000,0.000000,0.000000,0.000000,0.000000,rrt_only,
3,grasp_retreat,rrt_only,1,0,0.501696,0.029907,0.000000,0.000000,0.000000,1.032327,1.002254,11,0,11,0.963602,0.430744,0.111058,0.695403,0.479107,1.500000,1.463939,15.000000,0.000000,0.000000,0.000000,0.000000,0.000000,0.000000,rrt_only,
4,pre_place,rrt_only,1,0,0.502268,0.044420,0.000000,0.000000,0.000000,3.096678,3.052078,31,0,31,2.976933,2.748545,0.257525,0.942478,0.227079,1.500000,0.466807,7.500000,0.000000,0.000000,0.000000,0.000000,0.000000,0.000000,rrt_only,
5,place_approach,rrt_only,0,0,0.503030,0.044422,0.000000,0.000000,0.000000,0.044453,0.000000,0,0,0,0.000000,0.000000,0.000000,0.000000,0.000000,0.000000,0.000000,0.000000,0.000000,0.000000,0.000000,0.000000,0.000000,0.000000,,planning failed (RRTConnect)
1,pre_grasp,rrt_only,1,0,0.500600,0.035039,0.000000,0.000000,0.000000,3.937741,3.902394,40,0,40,3.823274,3.420262,0.234979,0.942478,0.163904,1.500000,0.308091,7.500000,0.000000,0.000000,0.000000,0.000000,0.000000,0.000000,rrt_only,
2,grasp_approach,rrt_only,1,0,0.500569,0.037107,0.000000,0.000000,0.000000,1.039213,1.001974,11,0,11,0.963807,0.430798,0.111007,0.695710,0.478679,1.500000,1.462629,15.000000,0.000000,0.000000,0.000000,0.000000,0.000000,0.000000,rrt_only,
3,grasp_retreat,rrt_only,1,0,0.500600,0.030979,0.000000,0.000000,0.000000,1.033582,1.002414,11,0,11,0.963562,0.430648,0.111002,0.695343,0.478908,1.500000,1.463330,15.000000,0.000000,0.000000,0.000000,0.000000,0.000000,0.000000,rrt_only,
4,pre_place,rrt_only,0,0,0.500305,0.052984,0.000000,0.000000,0.000000,0.053193,0.000000,0,0,0,0.000000,0.000000,0.000000,0.000000,0.000000,0.000000,0.000000,0.000000,0.000000,0.000000,0.000000,0.000000,0.000000,0.000000,,planning failed (RRTConnect)
5,pre_grasp,rrt_only,1,0,0.500922,0.041404,0.000000,0.000000,0.000000,0.093436,0.051742,1,0,1,0.000000,0.000000,0.000000,0.000000,0.000000,0.000000,0.000000,0.000000,0.000000,0.000000,0.000000,0.000000,0.000000,0.000000,rrt_only,
6,grasp_approach,rrt_only,1,0,0.500586,0.027695,0.000000,0.000000,0.000000,1.029893,1.002044,11,0,11,0.971565,0.436634,0.107817,0.707347,0.457272,1.500000,1.397220,15.000000,0.000000,0.000000,0.000000,0.000000,0.000000,0.000000,rrt_only,
7,grasp_retreat,rrt_only,1,0,0.500922,0.027675,0.000000,0.000000,0.000000,1.030742,1.002840,11,0,11,0.971649,0.436718,0.107777,0.707473,0.457024,1.500000,1.396461,15.000000,0.000000,0.000000,0.000000,0.000000,0.000000,0.000000,rrt_only,
8,pre_place,rrt_only,0,0,0.502152,0.053884,0.000000,0.000000,0.000000,0.053913,0.000000,0,0,0,0.000000,0.000000,0.000000,0.000000,0.000000,0.000000,0.000000,0.000000,0.000000,0.000000,0.000000,0.000000,0.000000,0.000000,,planning failed (RRTConnect)
9,pre_grasp,rrt_only,1,0,0.501649,0.025691,0.000000,0.000000,0.000000,0.078760,0.052940,1,0,1,0.000000,0.000000,0.000000,0.000000,0.000000,0.000000,0.000000,0.000000,0.000000,0.000000,0.000000,0.000000,0.000000,0.000000,rrt_only,
10,grasp_approach,rrt_only,1,0,0.502023,0.030856,0.000000,0.000000,0.000000,1.033093,1.002119,11,0,11,0.971683,0.436725,0.107783,0.707524,0.457013,1.500000,1.396430,15.000000,0.000000,0.000000,0.000000,0.000000,0.000000,0.000000,rrt_only,
11,grasp_retreat,rrt_only,1,0,0.501649,0.027506,0.000000,0.000000,0.000000,1.030233,1.002612,11,0,11,0.971533,0.436603,0.107770,0.707299,0.457105,1.500000,1.396709,15.000000,0.000000,0.000000,0.000000,0.000000,0.000000,0.000000,rrt_only,
12,pre_place,rrt_only,1,0,0.500985,0.035951,0.000000,0.000000,0.000000,3.089211,3.052198,31,0,31,2.977116,2.757273,0.257516,0.942478,0.227054,1.500000,0.466755,7.500000,0.000000,0.000000,0.000000,0.000000,0.000000,0.000000,rrt_only,
13,place_approach,rrt_only,0,0,0.501297,0.053028,0.000000,0.000000,0.000000,0.053075,0.000000,0,0,0,0.000000,0.000000,0.000000,0.000000,0.000000,0.000000,0.000000,0.000000,0.000000,0.000000,0.000000,0.000000,0.000000,0.000000,,planning failed (RRTConnect)
1,pre_grasp,rrt_only,1,0,0.501447,0.039273,0.000000,0.000000,0.000000,3.141373,3.101828,32,0,32,3.048160,2.659248,0.236240,0.942478,0.202065,1.500000,0.414492,7.500000,0.000000,0.000000,0.000000,0.000000,0.000000,0.000000,rrt_only,
2,grasp_approach,rrt_only,1,0,0.501367,0.027730,0.000000,0.000000,0.000000,1.032538,1.003760,11,0,11,0.950959,0.422086,0.105280,0.676438,0.466915,1.500000,1.426685,15.000000,0.000000,0.000000,0.000000,0.000000,0.000000,0.000000,rrt_only,
3,grasp_retreat,rrt_only,1,0,0.501447,0.031912,0.000000,0.000000,0.000000,1.035816,1.003726,11,0,11,0.950951,0.422115,0.105288,0.676427,0.466962,1.500000,1.426828,15.000000,0.000000,0.000000,0.000000,0.000000,0.000000,0.000000,rrt_only,
4,pre_grasp,rrt_only,1,0,0.501581,0.028754,0.000000,0.000000,0.000000,0.682444,0.653502,8,0,8,0.616764,0.175760,0.059396,0.450000,0.437520,1.500000,2.083428,15.000000,0.000000,0.000000,0.000000,0.000000,0.000000,0.000000,rrt_only,
5,grasp_approach,rrt_only,1,0,0.502304,0.027620,0.000000,0.000000,0.000000,1.081816,1.052793,12,0,12,1.024745,0.485474,0.110108,0.750000,0.461629,1.500000,1.258987,15.000000,0.000000,0.000000,0.000000,0.000000,0.000000,0.000000,rrt_only,
6,grasp_retreat,rrt_only,1,0,0.501581,0.029818,0.000000,0.000000,0.000000,1.081877,1.051881,12,0,12,1.024599,0.485331,0.110089,0.750000,0.461677,1.500000,1.259120,15.000000,0.000000,0.000000,0.000000,0.000000,0.000000,0.000000,rrt_only,
1,pre_grasp,rrt_only,1,0,0.500511,0.031777,0.000000,0.000000,0.000000,3.934513,3.902404,40,0,40,3.823277,3.474054,0.245816,0.942478,0.171464,1.500000,0.322300,7.500000,0.000000,0.000000,0.000000,0.000000,0.000000,0.000000,rrt_only,
2,grasp_approach,rrt_only,1,0,0.500437,0.037429,0.000000,0.000000,0.000000,1.090141,1.052454,12,0,12,1.013212,0.476864,0.112443,0.750000,0.482011,1.500000,1.314575,15.000000,0.000000,0.000000,0.000000,0.000000,0.000000,0.000000,rrt_only,
3,grasp_retreat,rrt_only,1,0,0.500511,0.032935,0.000000,0.000000,0.000000,1.085218,1.052117,12,0,12,1.013186,0.476888,0.112447,0.750000,0.482056,1.500000,1.314698,15.000000,0.000000,0.000000,0.000000,0.000000,0.000000,0.000000,rrt_only,
4,pre_place,rrt_only,1,0,0.500514,0.028582,0.000000,0.000000,0.000000,4.031380,4.002557,41,0,41,3.919411,3.255300,0.234269,0.628319,0.143793,1.500000,0.419908,7.500000,0.000000,0.000000,0.000000,0.000000,0.000000,0.000000,rrt_only,
5,place_approach,rrt_only,1,0,0.500544,0.031795,0.000000,0.000000,0.000000,0.934009,0.902095,10,0,10,0.868616,0.388197,0.097242,0.600000,0.466894,1.500000,1.621161,15.000000,0.000000,0.000000,0.000000,0.000000,0.000000,0.000000,rrt_only,
6,place_retreat,rrt_only,1,0,0.500514,0.031943,0.000000,0.000000,0.000000,0.934030,0.901900,10,0,10,0.868659,0.388273,0.097296,0.600000,0.467112,1.500000,1.621916,15.000000,0.000000,0.000000,0.000000,0.000000,0.000000,0.000000,rrt_only,
7,pre_grasp,rrt_only,1,0,0.502852,0.043648,0.000000,0.000000,0.000000,4.046147,4.002153,41,0,41,3.919802,3.255586,0.234282,0.628319,0.143786,1.500000,0.419887,7.500000,0.000000,0.000000,0.000000,0.000000,0.000000,0.000000,rrt_only,
8,grasp_approach,rrt_only,1,0,0.500417,0.027593,0.000000,0.000000,0.000000,1.079710,1.051952,12,0,12,1.012586,0.476167,0.111913,0.750000,0.480326,1.500000,1.309980,15.000000,0.000000,0.000000,0.000000,0.000000,0.000000,0.000000,rrt_only,
9,grasp_retreat,rrt_only,1,0,0.502852,0.029831,0.000000,0.000000,0.000000,1.082452,1.052385,12,0,12,1.012445,0.476129,0.111887,0.750000,0.480349,1.500000,1.310042,15.000000,0.000000,0.000000,0.000000,0.000000,0.000000,0.000000,rrt_only,
10,pre_place,rrt_only,1,0,0.503365,0.041348,0.000000,0.000000,0.000000,3.295017,3.253400,34,0,34,3.207869,2.995754,0.256114,0.942478,0.221427,1.500000,0.420119,7.500000,0.000000,0.000000,0.000000,0.000000,0.000000,0.000000,rrt_only,
11,place_approach,rrt_only,0,0,0.500583,0.043476,0.000000,0.000000,0.000000,0.044128,0.000000,0,0,0,0.000000,0.000000,0.000000,0.000000,0.000000,0.000000,0.000000,0.000000,0.000000,0.000000,0.000000,0.000000,0.000000,0.000000,,planning failed (RRTConnect)
12,pre_grasp,rrt_only,0,0,0.501084,0.063623,0.000000,0.000000,0.000000,0.063656,0.000000,0,0,0,0.000000,0.000000,0.000000,0.000000,0.000000,0.000000,0.000000,0.000000,0.000000,0.000000,0.000000,0.000000,0.000000,0.000000,,planning failed (RRTConnect)
13,pre_grasp,rrt_only,1,0,0.501482,0.031817,0.000000,0.000000,0.000000,2.834815,2.802411,29,0,29,2.753981,2.492360,0.255071,0.942478,0.248409,1.500000,0.513095,7.500000,0.000000,0.000000,0.000000,0.000000,0.000000,0.000000,rrt_only,
14,grasp_approach,rrt_only,1,0,0.501753,0.030828,0.000000,0.000000,0.000000,1.033300,1.002329,11,0,11,0.988015,0.456039,0.113647,0.732023,0.465750,1.500000,1.423126,15.000000,0.000000,0.000000,0.000000,0.000000,0.000000,0.000000,rrt_only,
15,grasp_retreat,rrt_only,1,0,0.501482,0.025630,0.000000,0.000000,0.000000,1.028429,1.002608,11,0,11,0.987955,0.455934,0.113644,0.731933,0.465796,1.500000,1.423266,15.000000,0.000000,0.000000,0.000000,0.000000,0.000000,0.000000,rrt_only,
16,pre_place,rrt_only,1,0,0.501556,0.030787,0.000000,0.000000,0.000000,4.033937,4.002848,41,0,41,3.919707,3.186114,0.218981,0.628319,0.134398,1.500000,0.392474,7.500000,0.000000,0.000000,0.000000,0.000000,0.000000,0.000000,rrt_only,
17,place_approach,rrt_only,1,0,0.500853,0.027727,0.000000,0.000000,0.000000,0.930240,0.902351,10,0,10,0.886836,0.381230,0.101062,0.600000,0.467076,1.500000,1.621792,15.000000,0.000000,0.000000,0.000000,0.000000,0.000000,0.000000,rrt_only,
18,place_retreat,rrt_only,1,0,0.501556,0.028757,0.000000,0.000000,0.000000,0.930943,0.902004,10,0,10,0.886958,0.381327,0.101099,0.600000,0.467128,1.500000,1.621973,15.000000,0.000000,0.000000,0.000000,0.000000,0.000000,0.000000,rrt_only,
19,pre_grasp,rrt_only,1,0,0.501906,0.035060,0.000000,0.000000,0.000000,4.037306,4.002027,41,0,41,3.919860,3.186209,0.218996,0.628319,0.134402,1.500000,0.392485,7.500000,0.000000,0.000000,0.000000,0.000000,0.000000,0.000000,rrt_only,
20,grasp_approach,rrt_only,1,0,0.500790,0.030746,0.000000,0.000000,0.000000,1.083750,1.052880,12,0,12,1.016716,0.479498,0.112551,0.750000,0.479203,1.500000,1.306918,15.000000,0.000000,0.000000,0.000000,0.000000,0.000000,0.000000,rrt_only,
21,grasp_retreat,rrt_only,1,0,0.501906,0.026588,0.000000,0.000000,0.000000,1.079098,1.052344,12,0,12,1.016613,0.479342,0.112546,0.750000,0.479278,1.500000,1.307121,15.000000,0.000000,0.000000,0.000000,0.000000,0.000000,0.000000,rrt_only,
22,pre_place,rrt_only,1,0,0.500270,0.039177,0.000000,0.000000,0.000000,3.291857,3.252452,34,0,34,3.207960,2.995891,0.256118,0.942478,0.221422,1.500000,0.420108,7.500000,0.000000,0.000000,0.000000,0.000000,0.000000,0.000000,rrt_only,
23,place_approach,rrt_only,0,0,0.502504,0.044661,0.000000,0.000000,0.000000,0.044708,0.000000,0,0,0,0.000000,0.000000,0.000000,0.000000,0.000000,0.000000,0.000000,0.000000,0.000000,0.000000,0.000000,0.000000,0.000000,0.000000,,planning failed (RRTConnect)
1,pre_grasp,rrt_only,1,0,0.501112,0.031936,0.000000,0.000000,0.000000,3.934382,3.902068,40,0,40,3.823419,3.474169,0.245829,0.942478,0.171464,1.500000,0.322300,7.500000,0.000000,0.000000,0.000000,0.000000,0.000000,0.000000,rrt_only,
2,grasp_approach,rrt_only,1,0,0.503074,0.024312,0.000000,0.000000,0.000000,1.076382,1.051940,12,0,12,1.013391,0.477034,0.112501,0.750000,0.482093,1.500000,1.314799,15.000000,0.000000,0.000000,0.000000,0.000000,0.000000,0.000000,rrt_only,
3,grasp_retreat,rrt_only,1,0,0.501112,0.029592,0.000000,0.000000,0.000000,1.082779,1.051996,12,0,12,1.013299,0.476906,0.112495,0.750000,0.482154,1.500000,1.314966,15.000000,0.000000,0.000000,0.000000,0.000000,0.000000,0.000000,rrt_only,
4,pre_place,rrt_only,1,0,0.501159,0.041416,0.000000,0.000000,0.000000,3.293612,3.252000,34,0,34,3.207874,2.995836,0.256112,0.942478,0.221425,1.500000,0.420115,7.500000,0.000000,0.000000,0.000000,0.000000,0.000000,0.000000,rrt_only,
5,place_approach,rrt_only,0,0,0.501521,0.043400,0.000000,0.000000,0.000000,0.043447,0.000000,0,0,0,0.000000,0.000000,0.000000,0.000000,0.000000,0.000000,0.000000,0.000000,0.000000,0.000000,0.000000,0.000000,0.000000,0.000000,,planning failed (RRTConnect)
1,pre_grasp,rrt_only,1,0,0.501301,0.032862,0.000000,0.000000,0.000000,3.935517,3.902335,40,0,40,3.823298,3.474060,0.245819,0.942478,0.171464,1.500000,0.322301,7.500000,0.000000,0.000000,0.000000,0.000000,0.000000,0.000000,rrt_only,
2,grasp_approach,rrt_only,1,0,0.502071,0.030848,0.000000,0.000000,0.000000,1.082575,1.051548,12,0,12,1.013402,0.477024,0.112472,0.750000,0.481958,1.500000,1.314431,15.000000,0.000000,0.000000,0.000000,0.000000,0.000000,0.000000,rrt_only,
3,grasp_retreat,rrt_only,1,0,0.501301,0.030784,0.000000,0.000000,0.000000,1.083262,1.052346,12,0,12,1.013495,0.477055,0.112463,0.750000,0.481834,1.500000,1.314094,15.000000,0.000000,0.000000,0.000000,0.000000,0.000000,0.000000,rrt_only,
4,pre_place,rrt_only,1,0,0.500882,0.043332,0.000000,0.000000,0.000000,3.296455,3.252872,34,0,34,3.207759,2.995691,0.256105,0.942478,0.221430,1.500000,0.420124,7.500000,0.000000,0.000000,0.000000,0.000000,0.000000,0.000000,rrt_only,
5,place_approach,rrt_only,0,0,0.501349,0.044637,0.000000,0.000000,0.000000,0.044676,0.000000,0,0,0,0.000000,0.000000,0.000000,0.000000,0.000000,0.000000,0.000000,0.000000,0.000000,0.000000,0.000000,0.000000,0.000000,0.000000,,planning failed (RRTConnect)
1,pre_grasp,rrt_only,1,0,0.502722,0.039624,0.000000,0.000000,0.000000,2.742765,2.702582,28,0,28,2.660974,2.255274,0.238707,0.942478,0.243153,1.500000,0.503572,7.500000,0.000000,0.000000,0.000000,0.000000,0.000000,0.000000,rrt_only,
2,grasp_approach,rrt_only,1,0,0.500805,0.030777,0.000000,0.000000,0.000000,1.483289,1.452310,16,0,16,1.415190,0.812056,0.137869,0.942478,0.391144,1.500000,0.798254,15.000000,0.000000,0.000000,0.000000,0.000000,0.000000,0.000000,rrt_only,
3,grasp_retreat,rrt_only,1,0,0.502722,0.027691,0.000000,0.000000,0.000000,1.481074,1.453190,16,0,16,1.415515,0.812371,0.137909,0.942478,0.391080,1.500000,0.798122,15.000000,0.000000,0.000000,0.000000,0.000000,0.000000,0.000000,rrt_only,
4,pre_place,rrt_only,1,0,0.500925,0.031837,0.000000,0.000000,0.000000,2.936200,2.904137,30,0,30,2.822185,1.716477,0.162207,0.628319,0.145025,1.500000,0.431621,7.500000,0.000000,0.000000,0.000000,0.000000,0.000000,0.000000,rrt_only,
5,place_approach,rrt_only,1,0,0.500296,0.029915,0.000000,0.000000,0.000000,0.983160,0.953040,11,0,11,0.923370,0.475657,0.133891,0.628319,0.570463,1.500000,1.936756,15.000000,0.000000,0.000000,0.000000,0.000000,0.000000,0.000000,rrt_only,
6,place_retreat,rrt_only,1,0,0.500925,0.029745,0.000000,0.000000,0.000000,0.983127,0.953250,11,0,11,0.923493,0.475632,0.133828,0.628319,0.570061,1.500000,1.935391,15.000000,0.000000,0.000000,0.000000,0.000000,0.000000,0.000000,rrt_only,
7,pre_grasp,rrt_only,1,0,0.501367,0.036137,0.000000,0.000000,0.000000,3.089000,3.052621,31,0,31,2.999391,1.965621,0.189799,0.628319,0.158253,1.500000,0.469909,7.500000,0.000000,0.000000,0.000000,0.000000,0.000000,0.000000,rrt_only,
8,grasp_approach,rrt_only,1,0,0.501651,0.031880,0.000000,0.000000,0.000000,1.184779,1.152747,12,0,12,1.092046,0.567644,0.129605,0.750000,0.481601,1.500000,1.313458,15.000000,0.000000,0.000000,0.000000,0.000000,0.000000,0.000000,rrt_only,
9,grasp_retreat,rrt_only,1,0,0.501367,0.034006,0.000000,0.000000,0.000000,1.186234,1.152041,12,0,12,1.092045,0.567739,0.129628,0.750000,0.481689,1.500000,1.313698,15.000000,0.000000,0.000000,0.000000,0.000000,0.000000,0.000000,rrt_only,
10,pre_place,rrt_only,1,0,0.500235,0.031837,0.000000,0.000000,0.000000,2.885362,2.853251,29,0,29,2.794504,1.780932,0.181953,0.628319,0.164801,1.500000,0.491690,7.500000,0.000000,0.000000,0.000000,0.000000,0.000000,0.000000,rrt_only,
11,place_approach,rrt_only,1,0,0.501378,0.037093,0.000000,0.000000,0.000000,1.140586,1.103300,12,0,12,1.039950,0.590148,0.152741,0.667942,0.577460,1.500000,1.732379,15.000000,0.000000,0.000000,0.000000,0.000000,0.000000,0.000000,rrt_only,
12,place_retreat,rrt_only,1,0,0.500235,0.030969,0.000000,0.000000,0.000000,1.133098,1.101966,12,0,12,1.040334,0.590481,0.152828,0.667883,0.577380,1.500000,1.732141,15.000000,0.000000,0.000000,0.000000,0.000000,0.000000,0.000000,rrt_only,
1,pre_grasp,rrt_only,1,0,0.502257,0.032916,0.000000,0.000000,0.000000,2.735638,2.702479,28,0,28,2.661096,2.255432,0.238718,0.942478,0.243150,1.500000,0.503565,7.500000,0.000000,0.000000,0.000000,0.000000,0.000000,0.000000,rrt_only,
2,pre_place,rrt_only,1,0,0.501147,0.028705,0.000000,0.000000,0.000000,2.681800,2.652444,28,0,28,2.610099,1.890002,0.227606,0.628319,0.248168,1.500000,0.668146,7.500000,0.000000,0.000000,0.000000,0.000000,0.000000,0.000000,rrt_only,
3,pre_grasp,rrt_only,1,0,0.501072,0.032845,0.000000,0.000000,0.000000,3.386653,3.352594,34,0,34,3.294771,2.279793,0.194708,0.628319,0.145641,1.500000,0.429842,7.500000,0.000000,0.000000,0.000000,0.000000,0.000000,0.000000,rrt_only,
4,pre_grasp,rrt_only,1,0,0.500277,0.026492,0.000000,0.000000,0.000000,0.528663,0.502062,6,0,6,0.455863,0.088529,0.038628,0.300000,0.377431,1.500000,2.830733,15.000000,0.000000,0.000000,0.000000,0.000000,0.000000,0.000000,rrt_only,
5,pre_grasp,rrt_only,1,0,0.501656,0.037342,0.000000,0.000000,0.000000,0.540070,0.502588,6,0,6,0.455653,0.088478,0.038543,0.300000,0.376904,1.500000,2.826781,15.000000,0.000000,0.000000,0.000000,0.000000,0.000000,0.000000,rrt_only,
6,pre_place,rrt_only,1,0,0.501028,0.033836,0.000000,0.000000,0.000000,2.685766,2.651770,28,0,28,2.610216,1.889931,0.227596,0.628319,0.248142,1.500000,0.668075,7.500000,0.000000,0.000000,0.000000,0.000000,0.000000,0.000000,rrt_only,
7,pre_grasp,rrt_only,1,0,0.501438,0.035011,0.000000,0.000000,0.000000,3.387294,3.352087,34,0,34,3.294949,2.279845,0.194718,0.628319,0.145640,1.500000,0.429839,7.500000,0.000000,0.000000,0.000000,0.000000,0.000000,0.000000,rrt_only,
8,pre_grasp,rrt_only,1,0,0.500290,0.026531,0.000000,0.000000,0.000000,0.528421,0.501771,6,0,6,0.455822,0.088500,0.038608,0.300000,0.377292,1.500000,2.829691,15.000000,0.000000,0.000000,0.000000,0.000000,0.000000,0.000000,rrt_only,
9,pre_grasp,rrt_only,1,0,0.501087,0.039179,0.000000,0.000000,0.000000,2.792300,2.752752,28,0,28,2.689918,2.285122,0.247029,0.942478,0.248252,1.500000,0.514132,7.500000,0.000000,0.000000,0.000000,0.000000,0.000000,0.000000,rrt_only,
10,pre_place,rrt_only,1,0,0.500467,0.030810,0.000000,0.000000,0.000000,2.685199,2.653313,28,0,28,2.610206,1.889930,0.227592,0.628319,0.248139,1.500000,0.668066,7.500000,0.000000,0.000000,0.000000,0.000000,0.000000,0.000000,rrt_only,
1,pre_grasp,rrt_only,1,0,0.501105,0.029743,0.000000,0.000000,0.000000,2.732338,2.702423,28,0,28,2.661149,2.255430,0.238704,0.942478,0.243130,1.500000,0.503523,7.500000,0.000000,0.000000,0.000000,0.000000,0.000000,0.000000,rrt_only,
2,pre_place,rrt_only,1,0,0.501074,0.065678,0.000000,0.000000,0.000000,9.119025,9.052796,91,0,91,8.910267,10.081601,0.348339,0.942478,0.093740,1.500000,0.171155,7.500000,0.000000,0.000000,0.000000,0.000000,0.000000,0.000000,rrt_only,
3,pre_grasp,rrt_only,0,0,0.501055,10.003588,0.000000,0.000000,0.000000,10.003626,0.000000,0,0,0,0.000000,0.000000,0.000000,0.000000,0.000000,0.000000,0.000000,0.000000,0.000000,0.000000,0.000000,0.000000,0.000000,0.000000,,planning failed (RRTConnect)
4,pre_grasp,rrt_only,0,0,0.500287,0.086562,0.000000,0.000000,0.000000,0.086594,0.000000,0,0,0,0.000000,0.000000,0.000000,0.000000,0.000000,0.000000,0.000000,0.000000,0.000000,0.000000,0.000000,0.000000,0.000000,0.000000,,planning failed (RRTConnect)
5,pre_grasp,rrt_only,1,0,0.500414,0.030753,0.000000,0.000000,0.000000,1.132860,1.101976,12,0,12,1.077183,0.781023,0.240655,0.745080,0.834843,1.500000,2.504530,15.000000,0.000000,0.000000,0.000000,0.000000,0.000000,0.000000,rrt_only,
6,pre_place,rrt_only,1,0,0.500246,0.032823,0.000000,0.000000,0.000000,3.387170,3.353213,34,0,34,3.293477,2.300425,0.190995,0.628319,0.142924,1.500000,0.421825,7.500000,0.000000,0.000000,0.000000,0.000000,0.000000,0.000000,rrt_only,
7,pre_grasp,rrt_only,1,0,0.501580,0.030891,0.000000,0.000000,0.000000,1.232864,1.201808,13,0,13,1.160969,0.792207,0.209013,0.708018,0.643341,1.500000,1.900780,7.500000,0.000000,0.000000,0.000000,0.000000,0.000000,0.000000,rrt_only,
8,pre_place,rrt_only,1,0,0.500477,0.029617,0.000000,0.000000,0.000000,3.383758,3.353141,34,0,34,3.290800,2.287349,0.187036,0.628319,0.140087,1.500000,0.413450,7.500000,0.000000,0.000000,0.000000,0.000000,0.000000,0.000000,rrt_only,
1,pre_grasp,rrt_only,1,0,0.500471,0.032870,0.000000,0.000000,0.000000,2.735909,2.702865,28,0,28,2.661094,2.255407,0.238715,0.942478,0.243147,1.500000,0.503559,7.500000,0.000000,0.000000,0.000000,0.000000,0.000000,0.000000,rrt_only,
2,pre_place,rrt_only,1,0,0.501321,0.042332,0.000000,0.000000,0.000000,5.595391,5.552799,56,0,56,5.499160,6.468307,0.392019,0.942478,0.166629,1.500000,0.332309,7.500000,0.000000,0.000000,0.000000,0.000000,0.000000,0.000000,rrt_only,
3,pre_grasp,rrt_only,1,0,0.500837,0.040251,0.000000,0.000000,0.000000,2.143327,2.102922,22,0,22,2.034774,1.502029,0.207890,0.942478,0.305887,1.500000,0.647069,7.500000,0.000000,0.000000,0.000000,0.000000,0.000000,0.000000,rrt_only,
4,pre_place,rrt_only,1,0,0.501239,0.029801,0.000000,0.000000,0.000000,3.384285,3.354178,34,0,34,3.289170,2.282194,0.185008,0.628319,0.138643,1.500000,0.409190,7.500000,0.000000,0.000000,0.000000,0.000000,0.000000,0.000000,rrt_only,
1,pre_grasp,rrt_only,1,0,0.501505,0.033880,0.000000,0.000000,0.000000,2.735940,2.701882,28,0,28,2.660999,2.255299,0.238709,0.942478,0.243152,1.500000,0.503569,7.500000,0.000000,0.000000,0.000000,0.000000,0.000000,0.000000,rrt_only,
2,pre_place,rrt_only,0,0,0.500526,0.094983,0.000000,0.000000,0.000000,0.095003,0.000000,0,0,0,0.000000,0.000000,0.000000,0.000000,0.000000,0.000000,0.000000,0.000000,0.000000,0.000000,0.000000,0.000000,0.000000,0.000000,,planning failed (RRTConnect)
1,pre_grasp,rrt_only,1,0,0.500918,0.031990,0.000000,0.000000,0.000000,2.734926,2.702688,28,0,28,2.660976,2.255379,0.238728,0.942478,0.243174,1.500000,0.503615,7.500000,0.000000,0.000000,0.000000,0.000000,0.000000,0.000000,rrt_only,
1,pre_grasp,rrt_only,1,0,0.500963,0.040252,0.000000,0.000000,0.000000,4.092873,4.052321,40,0,40,3.894749,4.475548,0.369618,0.942478,0.234337,1.500000,0.474367,7.500000,0.000000,0.000000,0.000000,0.000000,0.000000,0.000000,rrt_only,
2,pre_place,rrt_only,0,0,0.501780,10.002441,0.000000,0.000000,0.000000,10.002491,0.000000,0,0,0,0.000000,0.000000,0.000000,0.000000,0.000000,0.000000,0.000000,0.000000,0.000000,0.000000,0.000000,0.000000,0.000000,0.000000,,planning failed (RRTConnect)
1,pre_grasp,rrt_only,1,0,1.001896,0.048963,0.000000,0.000000,0.000000,8.902974,8.853470,90,0,90,8.801218,10.027415,0.354473,0.942478,0.096676,1.500000,0.176560,7.500000,0.000000,0.000000,0.000000,0.000000,0.000000,0.000000,rrt_only,
1,pre_grasp,rrt_only,1,0,0.502315,0.039246,0.000000,0.000000,0.000000,3.991553,3.952088,40,0,40,3.894752,4.475609,0.369619,0.942478,0.234338,1.500000,0.474368,7.500000,0.000000,0.000000,0.000000,0.000000,0.000000,0.000000,rrt_only,
2,pre_place,rrt_only,1,0,0.500600,0.071868,0.000000,0.000000,0.000000,8.775352,8.702963,88,0,88,8.629915,8.874396,0.365509,0.786063,0.206197,1.500000,0.795265,12.373796,0.000000,0.000000,0.000000,0.000000,0.000000,0.000000,rrt_only,
1,pre_grasp,rrt_only,1,0,18.540302,0.038089,0.000000,0.000000,0.000000,4.090877,4.052581,41,0,41,3.915668,4.639697,0.389648,0.942478,0.264220,1.500000,0.496017,7.500000,0.000000,0.000000,0.000000,0.000000,0.000000,0.000000,rrt_only,
1,pre_grasp,rrt_only,1,0,0.501824,0.020400,0.000000,0.000000,0.000000,1.322330,1.301793,14,0,14,1.276554,0.898732,0.223163,0.788970,0.623879,1.500000,1.654226,7.500000,0.000000,0.000000,0.000000,0.000000,0.000000,0.000000,rrt_only,
2,pre_place,rrt_only,1,0,0.500710,0.031848,0.000000,0.000000,0.000000,3.384050,3.351993,34,0,34,3.289215,2.282166,0.185004,0.628319,0.138638,1.500000,0.409174,7.500000,0.000000,0.000000,0.000000,0.000000,0.000000,0.000000,rrt_only,
1,pre_grasp,rrt_only,1,0,0.500543,0.031779,0.000000,0.000000,0.000000,1.334481,1.302564,14,0,14,1.276490,0.898641,0.223114,0.788745,0.623840,1.500000,1.654121,7.500000,0.000000,0.000000,0.000000,0.000000,0.000000,0.000000,rrt_only,
2,pre_place,rrt_only,0,0,0.500465,10.002992,0.000000,0.000000,0.000000,10.003010,0.000000,0,0,0,0.000000,0.000000,0.000000,0.000000,0.000000,0.000000,0.000000,0.000000,0.000000,0.000000,0.000000,0.000000,0.000000,0.000000,,planning failed (RRTConnect)
3,pre_grasp,rrt_only,1,0,0.500550,0.042462,0.000000,0.000000,0.000000,0.544780,0.502212,6,0,6,0.455536,0.088379,0.038510,0.300000,0.376755,1.500000,2.825659,15.000000,0.000000,0.000000,0.000000,0.000000,0.000000,0.000000,rrt_only,
1,pre_grasp,rrt_only,1,0,0.503638,0.046006,0.000000,0.000000,0.000000,1.400873,1.353559,14,0,14,1.276530,0.898686,0.223138,0.788849,0.623854,1.500000,1.654158,7.500000,0.000000,0.000000,0.000000,0.000000,0.000000,0.000000,rrt_only,
1,pre_grasp,rrt_only,1,0,0.500744,0.064218,0.000000,0.000000,0.000000,1.416272,1.351655,14,0,14,1.276435,0.898636,0.223150,0.788736,0.623986,1.500000,1.654510,7.500000,0.000000,0.000000,0.000000,0.000000,0.000000,0.000000,rrt_only,
2,pre_grasp,rrt_only,1,0,0.501027,0.072762,0.000000,0.000000,0.000000,6.377538,6.304365,63,0,63,6.150790,6.194272,0.337097,0.942478,0.308209,1.503874,0.855070,10.348083,0.000000,0.000000,0.000000,0.000000,0.000000,0.000000,rrt_only,
3,pre_place,rrt_only,1,0,0.500237,0.041302,0.000000,0.000000,0.000000,5.146345,5.104635,51,0,51,4.947980,4.409081,0.271213,0.942478,0.296447,1.500000,0.797395,7.500000,0.000000,0.000000,0.000000,0.000000,0.000000,0.000000,rrt_only,
4,return_home,rrt_only,1,0,0.000000,0.058457,0.000000,0.000000,0.000000,3.812041,3.752284,38,0,38,3.639979,3.061311,0.288512,0.942478,0.485257,1.500000,1.297697,7.652191,0.000000,0.000000,0.000000,0.000000,0.000000,0.000000,rrt_only,
1,pre_grasp,rrt_only,1,0,0.500969,0.036052,0.000000,0.000000,0.000000,1.340851,1.304212,14,0,14,1.276458,0.898629,0.223132,0.788830,0.623897,1.500000,1.654273,7.500000,0.000000,0.000000,0.000000,0.000000,0.000000,0.000000,rrt_only,
2,pre_place,rrt_only,1,0,0.501455,0.067314,0.000000,0.000000,0.000000,4.720442,4.652797,47,0,47,4.548032,3.437589,0.221881,0.942478,0.258033,1.500000,0.944663,8.583345,0.000000,0.000000,0.000000,0.000000,0.000000,0.000000,rrt_only,
3,return_home,rrt_only,1,0,0.000000,0.039239,0.000000,0.000000,0.000000,5.691870,5.652278,57,0,57,5.585044,4.502069,0.220130,0.942478,0.214867,1.500000,0.598484,7.500000,0.000000,0.000000,0.000000,0.000000,0.000000,0.000000,rrt_only,
